employee_id,first_name,last_name,age,email,job_title,department,start_date,salary,location
1,Guinevere,Goodrick,27,ggoodrick0@eepurl.com,Data Scientist,Engineering,7/9/2020,132140.51,New York
2,Karalee,Farmar,53,kfarmar1@tripod.com,Data Scientist,Engineering,3/2/2012,139509.93,Seattle
3,Armand,Quartermaine,45,aquartermaine2@slideshare.net,Mechanical Engineer,Engineering,9/12/2020,78399.48,San Francisco
4,Layne,Pichmann,55,lpichmann3@elegantthemes.com,Mechanical Engineer,Engineering,12/3/2015,55797.89,San Francisco
5,Annabell,Rathborne,44,arathborne4@nyu.edu,Software Engineer,Engineering,2/20/2020,144015.97,Seattle
6,Ange,MacGarrity,54,amacgarrity5@netlog.com,Data Scientist,Engineering,6/7/2020,110823.88,San Francisco
7,Helaina,Zmitruk,50,hzmitruk6@home.pl,Data Scientist,Engineering,11/11/2013,52490.31,New York
8,Husein,McLarnon,21,hmclarnon7@geocities.jp,Mechanical Engineer,Engineering,4/6/2017,88445.39,Seattle
9,Alford,Bermingham,29,abermingham8@histats.com,Software Engineer,Engineering,3/5/2015,81335.52,San Francisco
10,Addy,Chicco,54,achicco9@cnet.com,Software Engineer,Engineering,7/15/2016,126844.6,New York
11,Odie,Kelson,20,okelsona@patch.com,Software Engineer,Engineering,12/22/2019,58575.22,Seattle
12,Joellen,Trillo,43,jtrillob@g.co,Software Engineer,Engineering,3/11/2018,72615.26,New York
13,Loy,Sebrook,54,lsebrookc@boston.com,Mechanical Engineer,Engineering,7/20/2019,83526.37,San Francisco
14,Zarah,Klemt,35,zklemtd@theatlantic.com,Data Scientist,Engineering,8/5/2015,65654.35,Seattle
15,Austin,Kindleysides,24,akindleysidese@mozilla.org,Mechanical Engineer,Engineering,4/18/2016,63540.02,New York
16,Olivia,Demer,44,odemerf@imgur.com,Mechanical Engineer,Engineering,3/19/2016,124394.48,San Francisco
17,Cinnamon,Edmundson,50,cedmundsong@oaic.gov.au,Software Engineer,Engineering,8/25/2011,148091.87,Seattle
18,Byrle,Rotge,22,brotgeh@artisteer.com,Mechanical Engineer,Engineering,7/8/2021,126429.25,New York
19,Bernardo,Speight,44,bspeighti@barnesandnoble.com,Software Engineer,Engineering,6/19/2011,103412.66,New York
20,Tiena,Dongall,19,tdongallj@wired.com,Mechanical Engineer,Engineering,10/17/2012,141710.83,Seattle
21,Marjie,Bartod,39,mbartodk@geocities.com,Mechanical Engineer,Engineering,1/13/2013,104268.38,San Francisco
22,Breena,Arnson,53,barnsonl@wix.com,Mechanical Engineer,Engineering,9/18/2022,141043.98,San Francisco
23,Kizzee,Gosdin,57,kgosdinm@tinyurl.com,Data Scientist,Engineering,8/23/2020,114688.39,Seattle
24,Cyrill,Matteacci,35,cmatteaccin@dagondesign.com,Data Scientist,Engineering,5/2/2019,120212.06,New York
25,Blinnie,Ugoni,27,bugonio@ucla.edu,Software Engineer,Engineering,4/9/2011,51819.32,New York
26,Tina,Lantaff,38,tlantaffp@cbc.ca,Data Scientist,Engineering,10/2/2015,131816.23,New York
27,Birdie,Cansdale,29,bcansdaleq@nydailynews.com,Data Scientist,Engineering,8/27/2013,97655.58,New York
28,Pamella,Rhule,33,prhuler@cafepress.com,Mechanical Engineer,Engineering,1/13/2022,103152.75,Seattle
29,Asa,Mohammed,19,amohammeds@g.co,Software Engineer,Engineering,5/17/2019,112221.8,San Francisco
30,Job,Goodday,42,jgooddayt@hatena.ne.jp,Mechanical Engineer,Engineering,10/13/2020,138514.75,San Francisco
31,Wittie,Tocknell,19,wtocknellu@yelp.com,Software Engineer,Engineering,11/10/2016,71500.13,New York
32,Austine,Najafian,42,anajafianv@ebay.co.uk,Software Engineer,Engineering,7/23/2015,112372.33,New York
33,Bale,O'Dyvoy,57,bodyvoyw@redcross.org,Mechanical Engineer,Engineering,7/22/2010,98057.43,New York
34,Obie,Greader,20,ogreaderx@facebook.com,Data Scientist,Engineering,12/10/2016,141812.91,New York
35,Dean,Gronw,53,dgronwy@prweb.com,Data Scientist,Engineering,5/9/2010,123562.5,San Francisco
36,Angus,Shevell,56,ashevellz@addthis.com,Software Engineer,Engineering,7/23/2015,134264.43,San Francisco
37,Dulcinea,Valentelli,64,dvalentelli10@google.ca,Software Engineer,Engineering,5/13/2021,83401.23,San Francisco
38,Aeriel,Thurley,20,athurley11@ebay.co.uk,Data Scientist,Engineering,4/26/2022,78556.76,San Francisco
39,Kari,Sally,24,ksally12@youtube.com,Mechanical Engineer,Engineering,9/20/2019,138418.9,New York
40,Sadye,Castelow,18,scastelow13@unicef.org,Software Engineer,Engineering,1/1/2016,130010.14,New York
41,Erl,Ings,58,eings14@i2i.jp,Mechanical Engineer,Engineering,4/1/2010,122531.5,New York
42,Dareen,Jovovic,22,djovovic15@symantec.com,Data Scientist,Engineering,6/3/2014,92859.17,New York
43,Malina,Lumox,58,mlumox16@google.co.jp,Data Scientist,Engineering,2/24/2018,70622.94,San Francisco
44,Griffie,Kibble,42,gkibble17@independent.co.uk,Data Scientist,Engineering,1/2/2016,65624.61,Seattle
45,Johnathon,Milan,39,jmilan18@homestead.com,Software Engineer,Engineering,7/8/2021,147400.17,New York
46,Frasquito,Haslum,40,fhaslum19@state.gov,Mechanical Engineer,Engineering,1/16/2018,108665.55,San Francisco
47,Clifford,Clyde,19,cclyde1a@bluehost.com,Software Engineer,Engineering,12/10/2021,69600.2,New York
48,Bartholomew,Kupka,31,bkupka1b@php.net,Data Scientist,Engineering,8/24/2013,113207.59,Seattle
49,Arie,Sherlaw,42,asherlaw1c@photobucket.com,Data Scientist,Engineering,6/17/2010,91849.14,New York
50,Cele,Vane,33,cvane1d@altervista.org,Mechanical Engineer,Engineering,9/26/2013,55366.04,San Francisco
51,Sheri,Jacobson,28,sjacobson1e@technorati.com,Software Engineer,Engineering,7/30/2019,137153.62,San Francisco
52,Darbee,Whitley,38,dwhitley1f@vistaprint.com,Data Scientist,Engineering,3/19/2011,50560.49,Seattle
53,Reynard,Cay,47,rcay1g@google.pl,Mechanical Engineer,Engineering,9/4/2022,84985.59,New York
54,Leontine,Vibert,53,lvibert1h@geocities.jp,Mechanical Engineer,Engineering,8/20/2010,62247.79,San Francisco
55,Leola,Scarffe,18,lscarffe1i@vistaprint.com,Data Scientist,Engineering,6/15/2021,89719.48,San Francisco
56,Clay,Minogue,64,cminogue1j@marriott.com,Software Engineer,Engineering,10/13/2012,75976.36,New York
57,Page,Beushaw,65,pbeushaw1k@linkedin.com,Mechanical Engineer,Engineering,1/22/2022,129805.57,New York
58,Godart,Harpur,53,gharpur1l@free.fr,Data Scientist,Engineering,6/11/2017,89141.74,San Francisco
59,Ryley,Lean,54,rlean1m@quantcast.com,Software Engineer,Engineering,12/10/2014,130361.17,San Francisco
60,Dulcie,Glidden,48,dglidden1n@google.fr,Mechanical Engineer,Engineering,2/9/2014,117420.37,New York
61,Harri,McNiff,57,hmcniff1o@phoca.cz,Software Engineer,Engineering,6/19/2020,113552.99,San Francisco
62,Marna,Lindro,30,mlindro1p@washingtonpost.com,Mechanical Engineer,Engineering,1/7/2018,106648.18,New York
63,Annalise,Giveen,46,agiveen1q@examiner.com,Software Engineer,Engineering,3/20/2013,65820.21,New York
64,Leeann,Spilisy,18,lspilisy1r@seattletimes.com,Software Engineer,Engineering,8/6/2013,138421.78,San Francisco
65,Alair,Munkton,49,amunkton1s@deviantart.com,Software Engineer,Engineering,10/9/2014,143947.65,New York
66,Nannie,Okill,33,nokill1t@google.pl,Software Engineer,Engineering,6/19/2016,135682.01,Seattle
67,Emile,Scinelli,46,escinelli1u@utexas.edu,Data Scientist,Engineering,8/4/2022,79330.98,New York
68,Cosette,Braunstein,34,cbraunstein1v@youtube.com,Software Engineer,Engineering,3/12/2014,141102.1,San Francisco
69,Tiebold,Fenimore,37,tfenimore1w@wp.com,Mechanical Engineer,Engineering,5/4/2013,138492.35,San Francisco
70,Des,Juara,23,djuara1x@intel.com,Data Scientist,Engineering,11/22/2015,120503.02,Seattle
71,Rose,Fried,31,rfried1y@elpais.com,Mechanical Engineer,Engineering,10/3/2013,139054.65,San Francisco
72,Casi,Hastwell,48,chastwell1z@livejournal.com,Data Scientist,Engineering,9/6/2015,125649.16,New York
73,Daphna,Alelsandrovich,33,dalelsandrovich20@newsvine.com,Software Engineer,Engineering,10/7/2022,53289.97,Seattle
74,Cinnamon,Melmoth,19,cmelmoth21@tamu.edu,Data Scientist,Engineering,9/18/2013,97338.44,New York
75,Danella,Tackley,30,dtackley22@unesco.org,Data Scientist,Engineering,8/1/2010,117483.85,Seattle
76,Lucien,Rignall,21,lrignall23@opensource.org,Data Scientist,Engineering,1/31/2015,108107.7,San Francisco
77,Alexei,Wilds,31,awilds24@so-net.ne.jp,Software Engineer,Engineering,9/30/2017,134789.52,New York
78,Jere,McFfaden,37,jmcffaden25@alibaba.com,Mechanical Engineer,Engineering,5/26/2017,75150.42,San Francisco
79,Rhoda,Stanlick,39,rstanlick26@si.edu,Data Scientist,Engineering,9/23/2020,119605.22,Seattle
80,Christal,Wason,54,cwason27@angelfire.com,Mechanical Engineer,Engineering,11/1/2019,116415.24,San Francisco
81,Leora,Binnall,52,lbinnall28@illinois.edu,Data Scientist,Engineering,5/27/2012,88264.04,San Francisco
82,Blanch,Crasswell,22,bcrasswell29@nifty.com,Software Engineer,Engineering,3/11/2020,103572.26,New York
83,Laney,Muldrew,35,lmuldrew2a@go.com,Data Scientist,Engineering,5/26/2016,58411.25,Seattle
84,Friederike,Newlan,38,fnewlan2b@prnewswire.com,Software Engineer,Engineering,2/21/2013,112258.63,San Francisco
85,Charis,Ayce,53,cayce2c@msn.com,Data Scientist,Engineering,7/26/2022,88582.42,San Francisco
86,Jorgan,Lomaz,34,jlomaz2d@sogou.com,Software Engineer,Engineering,12/27/2020,94276.4,New York
87,Stormy,Baudains,23,sbaudains2e@imgur.com,Software Engineer,Engineering,7/1/2022,67463.73,Seattle
88,Edmon,O'Hanley,62,eohanley2f@google.fr,Software Engineer,Engineering,5/20/2017,119825.63,Seattle
89,Hiram,Godfray,24,hgodfray2g@odnoklassniki.ru,Data Scientist,Engineering,6/10/2018,94571.64,San Francisco
90,Babb,Blankhorn,63,bblankhorn2h@senate.gov,Data Scientist,Engineering,1/28/2019,95173.6,New York
91,Jard,Oakenford,50,joakenford2i@usda.gov,Software Engineer,Engineering,9/1/2012,70913.49,San Francisco
92,Tillie,Loxdale,22,tloxdale2j@sourceforge.net,Data Scientist,Engineering,6/15/2019,139642.69,Seattle
93,Allison,Ubsdale,27,aubsdale2k@china.com.cn,Mechanical Engineer,Engineering,9/3/2020,70617.06,San Francisco
94,Dave,Garlinge,46,dgarlinge2l@furl.net,Mechanical Engineer,Engineering,5/5/2011,80249.89,New York
95,Morna,Wyldbore,40,mwyldbore2m@state.gov,Software Engineer,Engineering,2/12/2013,61423.91,New York
96,Suki,Tomsu,65,stomsu2n@naver.com,Software Engineer,Engineering,10/15/2010,94518.14,New York
97,Wenda,Johannesson,20,wjohannesson2o@comcast.net,Software Engineer,Engineering,10/28/2020,62594.52,New York
98,Amalea,Fairlem,18,afairlem2p@comcast.net,Data Scientist,Engineering,12/30/2020,53520.01,New York
99,Mabel,Sprade,30,msprade2q@mozilla.org,Data Scientist,Engineering,11/30/2019,60401.89,Seattle
100,Berton,Beaves,19,bbeaves2r@purevolume.com,Software Engineer,Engineering,2/15/2010,61234.49,San Francisco
